[
  {
    "dimension": {
      "f_135804_": "minecraft",
      "f_135805_": "overworld"
    },
    "id": "d98eac71-ef10-465e-a3c0-51bce2522477",
    "ownerID": "f5a6243d-c88d-3ea6-92b0-5b38d9bf0cf2",
    "pos": {
      "f_123285_": -321,
      "f_123286_": 105,
      "f_123289_": -82
    },
    "type": 1
  },
  {
    "dimension": {
      "f_135804_": "minecraft",
      "f_135805_": "overworld"
    },
    "id": "8b2d923f-323a-4bb5-af02-d159b2ce019f",
    "ownerID": "16a91edf-d3ae-3dd3-a82f-58b1f4c607af",
    "pos": {
      "f_123285_": -134,
      "f_123286_": 64,
      "f_123289_": 53
    },
    "type": 1
  }
]