{"stats":{"minecraft:dropped":{"minecraft:wheat_seeds":1},"minecraft:custom":{"minecraft:time_since_rest":181,"enigmaticlegacy:play_time_with_seven_curses":0,"minecraft:sprint_one_cm":19793,"minecraft:damage_taken":705,"minecraft:walk_one_cm":23291,"minecraft:mob_kills":12,"minecraft:drop":1,"minecraft:damage_dealt":1999,"enigmaticlegacy:play_time_without_seven_curses":16884,"minecraft:interact_with_crafting_table":2,"minecraft:fly_one_cm":46397,"minecraft:crouch_one_cm":5279,"minecraft:play_time":17299,"minecraft:deaths":3,"minecraft:sneak_time":1688,"minecraft:jump":174,"minecraft:leave_game":1,"minecraft:time_since_death":0,"minecraft:climb_one_cm":140,"minecraft:total_world_time":17299,"minecraft:fall_one_cm":7001},"minecraft:killed":{"minecraft:skeleton":1,"minecraft:zombie":2,"undead_unleashed:haunter":1,"scguns:cog_minion":2,"minecraft:cow":6},"minecraft:mined":{"biomesoplenty:fir_log":6,"minecraft:grass":3,"minecraft:grass_block":1,"minecraft:dirt":3,"minecraft:tall_grass":3,"minecraft:cobblestone":1,"minecraft:stone":36,"minecraft:fern":2},"minecraft:killed_by":{"enemyexpansion:slugger":1,"minecraft:skeleton":1},"minecraft:crafted":{"biomesoplenty:fir_planks":24,"minecraft:crafting_table":1,"minecraft:stick":8,"minecraft:wooden_pickaxe":1,"minecraft:stone_pickaxe":1,"minecraft:stone_sword":1,"minecraft:stone_axe":1},"minecraft:picked_up":{"minecraft:leather":3,"biomesoplenty:fir_log":6,"undead_unleashed:grave_metal_scrap":1,"minecraft:dirt":4,"minecraft:rotten_flesh":2,"immersiveengineering:seed":1,"minecraft:wheat_seeds":1,"minecraft:beef":9,"undead_unleashed:grave_metal_axe":1,"minecraft:cobblestone":37,"minecraft:egg":1},"minecraft:used":{"minecraft:stone_sword":46,"minecraft:stone_pickaxe":29,"minecraft:wooden_pickaxe":11,"minecraft:dirt":4,"minecraft:cobblestone":1,"minecraft:crafting_table":1,"minecraft:egg":1}},"DataVersion":3120}