{"stats":{"minecraft:picked_up":{"minecraft:crafting_table":1,"minecraft:andesite":21,"minecraft:wooden_pickaxe":1,"enigmaticlegacy:the_acknowledgment":1,"minecraft:tuff":5,"create:raw_zinc":37,"minecraft:oak_log":67,"minecraft:gunpowder":4,"minecraft:lapis_lazuli":19,"minecraft:paper":6,"minecraft:dirt":31,"minecraft:iron_axe":1,"irons_spellbooks:arcane_essence":2,"minecraft:wheat_seeds":4,"minecraft:cobbled_deepslate":86,"minecraft:raw_gold":6,"minecraft:iron_pickaxe":2,"twigs:twig":4,"minecraft:iron_sword":1,"minecraft:oak_planks":25,"minecraft:furnace":2,"minecraft:raw_iron":10,"create:cogwheel":3,"minecraft:torch":4,"minecraft:porkchop":12,"minecraft:diorite":4,"minecraft:spider_eye":1,"forbidden_arcanus:arcane_crystal":5,"minecraft:rotten_flesh":6,"minecraft:diamond":5,"immersiveengineering:seed":1,"minecraft:stone_axe":1,"minecraft:peony":1,"immersiveengineering:raw_nickel":1,"minecraft:oak_sapling":5,"twigs:rhyolite":8,"minecraft:cobblestone":166},"minecraft:custom":{"enigmaticlegacy:play_time_with_seven_curses":0,"lootr:looted_stat":1,"minecraft:interact_with_furnace":14,"minecraft:mob_kills":25,"enigmaticlegacy:play_time_without_seven_curses":59618,"minecraft:interact_with_crafting_table":10,"goblintraders:trade_with_goblin":8,"minecraft:time_since_death":643,"minecraft:climb_one_cm":12,"minecraft:time_since_rest":677,"minecraft:sprint_one_cm":74849,"minecraft:damage_taken":1155,"minecraft:walk_one_cm":81015,"minecraft:drop":41,"minecraft:damage_dealt":4185,"minecraft:fly_one_cm":162275,"minecraft:crouch_one_cm":18932,"minecraft:play_time":59795,"minecraft:deaths":2,"minecraft:sneak_time":10135,"minecraft:jump":731,"minecraft:walk_on_water_one_cm":617,"minecraft:total_world_time":59795,"minecraft:fall_one_cm":23083},"minecraft:killed_by":{"scguns:broken_grinder_unit":1},"minecraft:dropped":{"minecraft:furnace":2,"minecraft:iron_ingot":8,"twigs:rhyolite":8,"minecraft:iron_sword":1,"minecraft:stone_axe":2,"minecraft:wheat_seeds":4,"minecraft:stone_sword":1,"minecraft:cobbled_deepslate":18,"minecraft:tuff":5,"minecraft:cooked_porkchop":4,"minecraft:wheat":2,"minecraft:rotten_flesh":6,"minecraft:cobblestone":84,"minecraft:oak_planks":1,"minecraft:dirt":26,"minecraft:diorite":4,"minecraft:torch":4,"minecraft:andesite":21,"minecraft:oak_sapling":5,"forbidden_arcanus:arcane_crystal":3,"minecraft:spider_eye":1,"minecraft:wooden_pickaxe":2,"minecraft:iron_pickaxe":1,"immersiveengineering:seed":1,"twigs:twig":4},"minecraft:killed":{"irons_spellbooks:summoned_zombie":5,"minecraft:pig":8,"enemyexpansion:sprinter":1,"irons_spellbooks:necromancer":1,"minecraft:skeleton":1,"enemyexpansion:crawler":1,"minecraft:zombie":5,"enemyexpansion:vampire":1,"scguns:training_dummy":1},"minecraft:mined":{"thinair:wall_signal_torch":1,"create:deepslate_zinc_ore":37,"minecraft:deepslate_diamond_ore":5,"minecraft:crafting_table":1,"minecraft:torch":2,"minecraft:grass_block":6,"minecraft:tall_grass":3,"minecraft:cobblestone":2,"minecraft:deepslate_gold_ore":6,"minecraft:diorite":4,"minecraft:wall_torch":1,"forbidden_arcanus:arcane_crystal_ore":1,"forbidden_arcanus:deepslate_arcane_crystal_ore":4,"minecraft:furnace":2,"minecraft:andesite":21,"minecraft:deepslate_lapis_ore":3,"immersiveengineering:deepslate_ore_nickel":1,"minecraft:peony":2,"minecraft:grass":14,"minecraft:oak_log":64,"minecraft:deepslate_iron_ore":10,"minecraft:dirt":17,"twigs:rhyolite":10,"minecraft:stone":163,"minecraft:oak_leaves":1,"minecraft:deepslate":86,"minecraft:fern":1},"minecraft:broken":{"minecraft:stone_pickaxe":1},"minecraft:crafted":{"minecraft:oak_planks":36,"minecraft:diamond_sword":1,"minecraft:cooked_porkchop":12,"minecraft:crafting_table":5,"minecraft:wooden_pickaxe":1,"minecraft:iron_sword":1,"minecraft:furnace":2,"minecraft:bucket":1,"minecraft:stone_axe":1,"minecraft:bread":1,"minecraft:air":0,"minecraft:diamond_pickaxe":1,"minecraft:charcoal":2,"minecraft:stick":20,"minecraft:iron_ingot":16,"minecraft:iron_pickaxe":2,"minecraft:stone_pickaxe":1,"minecraft:stone_sword":1,"minecraft:torch":8},"minecraft:used":{"minecraft:peony":1,"minecraft:stone_sword":35,"minecraft:stone_pickaxe":131,"minecraft:wooden_pickaxe":10,"minecraft:iron_sword":21,"minecraft:torch":6,"minecraft:dirt":5,"minecraft:crafting_table":5,"minecraft:diamond_pickaxe":21,"minecraft:bread":1,"minecraft:iron_pickaxe":208,"minecraft:stone_axe":65,"minecraft:diamond_sword":40,"minecraft:cobblestone":66,"minecraft:furnace":4,"minecraft:cooked_porkchop":7,"minecraft:cobbled_deepslate":4}},"DataVersion":3120}