{"stats":{"minecraft:picked_up":{"minecraft:raw_iron":8,"minecraft:andesite":21,"minecraft:porkchop":12,"minecraft:oak_log":66,"minecraft:diorite":4,"minecraft:dirt":18,"forbidden_arcanus:arcane_crystal":5,"immersiveengineering:seed":1,"minecraft:peony":1,"minecraft:wheat_seeds":4,"minecraft:cobbled_deepslate":40,"minecraft:oak_sapling":5,"twigs:twig":4,"minecraft:cobblestone":163,"minecraft:furnace":2},"minecraft:custom":{"minecraft:time_since_rest":23795,"enigmaticlegacy:play_time_with_seven_curses":0,"minecraft:interact_with_furnace":14,"lootr:looted_stat":1,"minecraft:sprint_one_cm":33091,"minecraft:damage_taken":100,"minecraft:walk_one_cm":26969,"minecraft:mob_kills":9,"minecraft:drop":14,"minecraft:damage_dealt":1000,"enigmaticlegacy:play_time_without_seven_curses":23795,"minecraft:interact_with_crafting_table":4,"minecraft:fly_one_cm":79323,"minecraft:crouch_one_cm":11976,"minecraft:play_time":23795,"minecraft:sneak_time":6365,"minecraft:jump":301,"minecraft:walk_on_water_one_cm":309,"minecraft:time_since_death":23795,"minecraft:total_world_time":23795,"minecraft:climb_one_cm":12,"minecraft:fall_one_cm":6901},"minecraft:dropped":{"minecraft:dirt":9,"minecraft:wheat_seeds":3,"minecraft:torch":4,"minecraft:cooked_porkchop":4,"minecraft:oak_sapling":4,"forbidden_arcanus:arcane_crystal":3,"minecraft:wooden_pickaxe":1,"immersiveengineering:seed":1},"minecraft:killed":{"minecraft:zombie":1,"minecraft:pig":8},"minecraft:mined":{"forbidden_arcanus:arcane_crystal_ore":1,"forbidden_arcanus:deepslate_arcane_crystal_ore":4,"minecraft:furnace":2,"minecraft:andesite":21,"minecraft:peony":2,"minecraft:grass":14,"minecraft:grass_block":3,"minecraft:oak_log":63,"minecraft:deepslate_iron_ore":8,"minecraft:dirt":15,"minecraft:tall_grass":3,"minecraft:stone":163,"minecraft:diorite":4,"minecraft:deepslate":40,"minecraft:fern":1},"minecraft:broken":{"minecraft:stone_pickaxe":1},"minecraft:crafted":{"minecraft:oak_planks":24,"minecraft:charcoal":2,"minecraft:cooked_porkchop":12,"minecraft:crafting_table":3,"minecraft:stick":12,"minecraft:wooden_pickaxe":1,"minecraft:iron_pickaxe":1,"minecraft:stone_pickaxe":1,"minecraft:stone_sword":1,"minecraft:furnace":2,"minecraft:torch":8,"minecraft:stone_axe":1,"minecraft:air":0},"minecraft:used":{"minecraft:peony":1,"minecraft:stone_sword":35,"minecraft:stone_pickaxe":131,"minecraft:iron_pickaxe":114,"minecraft:wooden_pickaxe":10,"minecraft:stone_axe":65,"minecraft:crafting_table":3,"minecraft:furnace":4,"minecraft:cooked_porkchop":2}},"DataVersion":3120}