{"stats":{"minecraft:dropped":{"minecraft:wheat_seeds":1},"minecraft:custom":{"minecraft:time_since_rest":6418,"enigmaticlegacy:play_time_with_seven_curses":0,"minecraft:crouch_one_cm":1079,"minecraft:play_time":7417,"minecraft:sprint_one_cm":5763,"minecraft:deaths":1,"minecraft:damage_taken":240,"minecraft:walk_one_cm":3419,"minecraft:sneak_time":409,"minecraft:drop":1,"minecraft:jump":70,"minecraft:time_since_death":6222,"minecraft:total_world_time":7417,"enigmaticlegacy:play_time_without_seven_curses":7221,"minecraft:climb_one_cm":140,"minecraft:fly_one_cm":19355,"minecraft:fall_one_cm":2972},"minecraft:mined":{"biomesoplenty:fir_log":6,"minecraft:fern":1},"minecraft:crafted":{"biomesoplenty:fir_planks":24,"minecraft:crafting_table":1,"minecraft:stick":8},"minecraft:picked_up":{"minecraft:wheat_seeds":1,"biomesoplenty:fir_log":6}},"DataVersion":3120}