{"stats":{"minecraft:picked_up":{"minecraft:porkchop":12,"minecraft:oak_log":26,"immersiveengineering:seed":1,"minecraft:peony":1,"minecraft:wheat_seeds":3,"minecraft:oak_sapling":4,"twigs:twig":2,"minecraft:cobblestone":25},"minecraft:custom":{"minecraft:time_since_rest":11795,"enigmaticlegacy:play_time_with_seven_curses":0,"minecraft:interact_with_furnace":6,"lootr:looted_stat":1,"minecraft:sprint_one_cm":28506,"minecraft:walk_one_cm":15089,"minecraft:mob_kills":8,"minecraft:drop":6,"minecraft:damage_dealt":800,"enigmaticlegacy:play_time_without_seven_curses":11795,"minecraft:interact_with_crafting_table":4,"minecraft:fly_one_cm":73745,"minecraft:crouch_one_cm":4103,"minecraft:play_time":11795,"minecraft:sneak_time":1406,"minecraft:jump":254,"minecraft:walk_on_water_one_cm":309,"minecraft:time_since_death":11795,"minecraft:total_world_time":11795,"minecraft:climb_one_cm":12,"minecraft:fall_one_cm":6901},"minecraft:dropped":{"minecraft:wheat_seeds":2,"minecraft:oak_sapling":4,"minecraft:wooden_pickaxe":1,"immersiveengineering:seed":1},"minecraft:mined":{"minecraft:peony":2,"minecraft:grass":9,"minecraft:oak_log":26,"minecraft:tall_grass":3,"minecraft:stone":25},"minecraft:killed":{"minecraft:pig":8},"minecraft:crafted":{"minecraft:oak_planks":24,"minecraft:cooked_porkchop":8,"minecraft:crafting_table":3,"minecraft:stick":12,"minecraft:wooden_pickaxe":1,"minecraft:iron_pickaxe":1,"minecraft:stone_pickaxe":1,"minecraft:stone_sword":1,"minecraft:furnace":2,"minecraft:stone_axe":1,"minecraft:air":0},"minecraft:used":{"minecraft:peony":1,"minecraft:stone_sword":24,"minecraft:iron_pickaxe":17,"minecraft:wooden_pickaxe":10,"minecraft:stone_axe":25,"minecraft:crafting_table":3,"minecraft:furnace":2,"minecraft:cooked_porkchop":2}},"DataVersion":3120}