{"stats":{"minecraft:picked_up":{"minecraft:andesite":21,"minecraft:tuff":5,"create:raw_zinc":25,"minecraft:oak_log":66,"minecraft:gunpowder":4,"minecraft:lapis_lazuli":19,"minecraft:dirt":18,"minecraft:wheat_seeds":4,"minecraft:cobbled_deepslate":78,"minecraft:raw_gold":6,"twigs:twig":4,"minecraft:furnace":2,"minecraft:raw_iron":8,"minecraft:torch":2,"minecraft:porkchop":12,"minecraft:diorite":4,"forbidden_arcanus:arcane_crystal":5,"minecraft:rotten_flesh":1,"minecraft:diamond":3,"immersiveengineering:seed":1,"minecraft:peony":1,"immersiveengineering:raw_nickel":1,"minecraft:oak_sapling":5,"twigs:rhyolite":7,"minecraft:cobblestone":165},"minecraft:custom":{"enigmaticlegacy:play_time_with_seven_curses":0,"lootr:looted_stat":1,"minecraft:interact_with_furnace":14,"minecraft:mob_kills":14,"enigmaticlegacy:play_time_without_seven_curses":35795,"minecraft:interact_with_crafting_table":8,"goblintraders:trade_with_goblin":8,"minecraft:time_since_death":35795,"minecraft:climb_one_cm":12,"minecraft:time_since_rest":35795,"minecraft:sprint_one_cm":45920,"minecraft:damage_taken":370,"minecraft:walk_one_cm":58697,"minecraft:drop":27,"minecraft:damage_dealt":1877,"minecraft:fly_one_cm":92091,"minecraft:crouch_one_cm":16654,"minecraft:play_time":35795,"minecraft:sneak_time":8639,"minecraft:jump":451,"minecraft:walk_on_water_one_cm":309,"minecraft:total_world_time":35795,"minecraft:fall_one_cm":13078},"minecraft:dropped":{"minecraft:iron_ingot":8,"twigs:rhyolite":7,"minecraft:wheat_seeds":4,"minecraft:stone_sword":1,"minecraft:cobbled_deepslate":9,"minecraft:cooked_porkchop":4,"minecraft:wheat":2,"minecraft:cobblestone":11,"minecraft:oak_planks":1,"minecraft:dirt":18,"minecraft:diorite":4,"minecraft:torch":4,"minecraft:andesite":21,"minecraft:oak_sapling":5,"forbidden_arcanus:arcane_crystal":3,"minecraft:wooden_pickaxe":1,"immersiveengineering:seed":1,"twigs:twig":4},"minecraft:killed":{"minecraft:pig":8,"enemyexpansion:sprinter":1,"enemyexpansion:crawler":1,"minecraft:zombie":2,"enemyexpansion:vampire":1},"minecraft:mined":{"thinair:wall_signal_torch":1,"create:deepslate_zinc_ore":25,"minecraft:deepslate_diamond_ore":3,"minecraft:grass_block":3,"minecraft:tall_grass":3,"minecraft:cobblestone":1,"minecraft:deepslate_gold_ore":6,"minecraft:diorite":4,"minecraft:wall_torch":1,"forbidden_arcanus:arcane_crystal_ore":1,"forbidden_arcanus:deepslate_arcane_crystal_ore":4,"minecraft:furnace":2,"minecraft:andesite":21,"minecraft:deepslate_lapis_ore":3,"immersiveengineering:deepslate_ore_nickel":1,"minecraft:peony":2,"minecraft:grass":14,"minecraft:oak_log":63,"minecraft:deepslate_iron_ore":8,"minecraft:dirt":15,"twigs:rhyolite":9,"minecraft:stone":163,"minecraft:deepslate":78,"minecraft:fern":1},"minecraft:broken":{"minecraft:stone_pickaxe":1},"minecraft:crafted":{"minecraft:oak_planks":32,"minecraft:cooked_porkchop":12,"minecraft:crafting_table":4,"minecraft:wooden_pickaxe":1,"minecraft:iron_sword":1,"minecraft:furnace":2,"minecraft:stone_axe":1,"minecraft:bread":1,"minecraft:air":0,"minecraft:charcoal":2,"minecraft:stick":20,"minecraft:iron_ingot":16,"minecraft:iron_pickaxe":2,"minecraft:stone_pickaxe":1,"minecraft:stone_sword":1,"minecraft:torch":8},"minecraft:used":{"minecraft:peony":1,"minecraft:stone_sword":35,"minecraft:stone_pickaxe":131,"minecraft:wooden_pickaxe":10,"minecraft:iron_sword":17,"minecraft:torch":3,"minecraft:crafting_table":4,"minecraft:bread":1,"minecraft:iron_pickaxe":202,"minecraft:stone_axe":65,"minecraft:cobblestone":41,"minecraft:furnace":4,"minecraft:cooked_porkchop":4,"minecraft:cobbled_deepslate":1}},"DataVersion":3120}