{"stats":{"minecraft:custom":{"minecraft:jump":67,"minecraft:time_since_rest":2341,"enigmaticlegacy:play_time_with_seven_curses":0,"minecraft:leave_game":1,"minecraft:damage_dealt":45,"minecraft:crouch_one_cm":243,"minecraft:sprint_one_cm":3217,"minecraft:walk_one_cm":4223,"minecraft:play_time":3180,"minecraft:damage_taken":270,"minecraft:time_since_death":2230,"minecraft:deaths":1,"minecraft:sneak_time":83,"enigmaticlegacy:play_time_without_seven_curses":3069,"minecraft:total_world_time":3180,"minecraft:fall_one_cm":2277,"minecraft:fly_one_cm":19207},"minecraft:mined":{"minecraft:grass":1}},"DataVersion":3120}