{"stats":{"minecraft:dropped":{"minecraft:sweet_berries":11,"immersiveengineering:seed":1},"minecraft:custom":{"minecraft:time_since_rest":574,"enigmaticlegacy:play_time_with_seven_curses":0,"minecraft:play_time":16086,"minecraft:sprint_one_cm":42995,"minecraft:walk_one_cm":20053,"minecraft:damage_taken":765,"minecraft:deaths":3,"minecraft:walk_under_water_one_cm":88,"minecraft:drop":2,"minecraft:jump":112,"minecraft:damage_dealt":230,"minecraft:time_since_death":518,"minecraft:walk_on_water_one_cm":141,"enigmaticlegacy:play_time_without_seven_curses":15951,"minecraft:total_world_time":16086,"minecraft:swim_one_cm":2341,"minecraft:fly_one_cm":20197,"minecraft:fall_one_cm":1161},"minecraft:mined":{"minecraft:grass":4,"minecraft:sweet_berry_bush":4,"biomesoplenty:fir_log":1,"minecraft:fern":4},"minecraft:killed_by":{"minecraft:drowned":1,"scguns:dissident":1},"minecraft:picked_up":{"minecraft:sweet_berries":33,"immersiveengineering:seed":1,"biomesoplenty:fir_log":1}},"DataVersion":3120}