{"stats":{"minecraft:dropped":{"minecraft:sweet_berries":11,"immersiveengineering:seed":1},"minecraft:custom":{"minecraft:open_chest":5,"minecraft:time_since_rest":1206,"enigmaticlegacy:play_time_with_seven_curses":0,"minecraft:crouch_one_cm":3,"minecraft:play_time":43356,"minecraft:sprint_one_cm":126702,"minecraft:walk_one_cm":52487,"minecraft:damage_taken":2020,"minecraft:deaths":8,"minecraft:sneak_time":21,"minecraft:walk_under_water_one_cm":1438,"minecraft:drop":2,"minecraft:jump":345,"minecraft:damage_dealt":247,"minecraft:leave_game":1,"minecraft:time_since_death":1172,"minecraft:walk_on_water_one_cm":2090,"enigmaticlegacy:play_time_without_seven_curses":39764,"minecraft:total_world_time":43356,"minecraft:swim_one_cm":5717,"minecraft:fly_one_cm":57033,"minecraft:fall_one_cm":6423},"minecraft:mined":{"minecraft:grass":6,"minecraft:grass_block":4,"minecraft:dirt":4,"minecraft:sweet_berry_bush":4,"biomesoplenty:fir_log":1,"minecraft:fern":4},"minecraft:killed_by":{"pyrologernfriends:rancher":2,"iter_rpg:water_elemental":1,"minecraft:drowned":1,"scguns:adjudicator":1,"scguns:dissident":1},"minecraft:picked_up":{"minecraft:sweet_berries":33,"immersiveengineering:seed":1,"biomesoplenty:fir_log":1,"minecraft:dirt":8},"minecraft:used":{"minecraft:apple":3,"minecraft:dirt":8,"minecraft:sweet_berries":11,"minecraft:lantern":1}},"DataVersion":3120}