{"stats":{"minecraft:dropped":{"minecraft:sweet_berries":11,"immersiveengineering:seed":1},"minecraft:custom":{"minecraft:open_chest":5,"minecraft:time_since_rest":6359,"enigmaticlegacy:play_time_with_seven_curses":0,"minecraft:crouch_one_cm":3,"minecraft:play_time":28086,"minecraft:sprint_one_cm":84697,"minecraft:walk_one_cm":32661,"minecraft:damage_taken":1285,"minecraft:deaths":4,"minecraft:sneak_time":17,"minecraft:walk_under_water_one_cm":1438,"minecraft:drop":2,"minecraft:jump":263,"minecraft:damage_dealt":230,"minecraft:time_since_death":6316,"minecraft:walk_on_water_one_cm":2090,"enigmaticlegacy:play_time_without_seven_curses":27908,"minecraft:total_world_time":28086,"minecraft:swim_one_cm":5717,"minecraft:fly_one_cm":42531,"minecraft:fall_one_cm":3237},"minecraft:mined":{"minecraft:grass":4,"minecraft:grass_block":4,"minecraft:dirt":4,"minecraft:sweet_berry_bush":4,"biomesoplenty:fir_log":1,"minecraft:fern":4},"minecraft:killed_by":{"minecraft:drowned":1,"scguns:dissident":1},"minecraft:picked_up":{"minecraft:sweet_berries":33,"immersiveengineering:seed":1,"biomesoplenty:fir_log":1,"minecraft:dirt":8},"minecraft:used":{"minecraft:apple":3,"minecraft:dirt":8,"minecraft:sweet_berries":11,"minecraft:lantern":1}},"DataVersion":3120}