{"stats":{"minecraft:picked_up":{"forbidden_arcanus:arcane_crystal":3,"minecraft:torch":4,"minecraft:wooden_pickaxe":1,"minecraft:oak_log":9,"minecraft:sugar_cane":6,"minecraft:dirt":9,"minecraft:cobblestone":8,"minecraft:furnace":2},"minecraft:custom":{"minecraft:time_since_rest":21691,"enigmaticlegacy:play_time_with_seven_curses":0,"minecraft:interact_with_furnace":1,"minecraft:play_time":21691,"minecraft:sprint_one_cm":25535,"minecraft:damage_taken":140,"minecraft:walk_one_cm":31380,"minecraft:jump":105,"minecraft:damage_dealt":20,"minecraft:time_since_death":21691,"minecraft:walk_on_water_one_cm":165,"minecraft:total_world_time":21691,"enigmaticlegacy:play_time_without_seven_curses":21691,"minecraft:climb_one_cm":12,"minecraft:fall_one_cm":1307,"minecraft:fly_one_cm":11771},"minecraft:mined":{"minecraft:oak_log":6,"minecraft:furnace":2,"minecraft:stone":8,"minecraft:sugar_cane":3},"minecraft:crafted":{"minecraft:oak_planks":28},"minecraft:used":{"minecraft:oak_log":2,"minecraft:dirt":1,"minecraft:wooden_pickaxe":11}},"DataVersion":3120}