{"stats":{"minecraft:picked_up":{"minecraft:raw_iron":1,"minecraft:cooked_porkchop":4,"minecraft:torch":4,"minecraft:wooden_pickaxe":1,"minecraft:tuff":1,"create:raw_zinc":7,"minecraft:oak_log":9,"minecraft:gunpowder":1,"minecraft:redstone":107,"minecraft:spider_eye":1,"minecraft:dirt":9,"forbidden_arcanus:arcane_crystal":3,"minecraft:stone_axe":1,"minecraft:cobbled_deepslate":6,"iter_rpg:abyssquartz_shard":2,"minecraft:iron_ingot":8,"minecraft:iron_pickaxe":1,"minecraft:sugar_cane":6,"minecraft:oak_planks":1,"minecraft:cobblestone":8,"minecraft:furnace":2},"minecraft:custom":{"minecraft:time_since_rest":7299,"enigmaticlegacy:play_time_with_seven_curses":0,"minecraft:interact_with_furnace":1,"minecraft:sprint_one_cm":33552,"minecraft:damage_taken":755,"minecraft:walk_one_cm":88069,"minecraft:mob_kills":2,"minecraft:drop":5,"minecraft:damage_dealt":651,"enigmaticlegacy:play_time_without_seven_curses":45570,"minecraft:interact_with_crafting_table":4,"minecraft:fly_one_cm":16570,"minecraft:crouch_one_cm":801,"minecraft:play_time":45691,"minecraft:deaths":2,"minecraft:sneak_time":229,"minecraft:walk_under_water_one_cm":5968,"minecraft:jump":245,"minecraft:walk_on_water_one_cm":3273,"minecraft:time_since_death":7258,"minecraft:climb_one_cm":245,"minecraft:total_world_time":45691,"minecraft:fall_one_cm":4511},"minecraft:killed_by":{"irons_spellbooks:necromancer":1,"minecraft:creeper":1},"minecraft:dropped":{"minecraft:cobbled_deepslate":6,"minecraft:tuff":1},"minecraft:killed":{"enemyexpansion:tarantula":1},"minecraft:mined":{"minecraft:deepslate_redstone_ore":24,"create:deepslate_zinc_ore":7,"minecraft:tuff":1,"minecraft:furnace":2,"iter_rpg:abyss_quartz":2,"minecraft:torch":1,"minecraft:grass":1,"minecraft:oak_log":6,"minecraft:deepslate_iron_ore":1,"minecraft:stone":8,"minecraft:sugar_cane":3,"minecraft:deepslate":2},"minecraft:crafted":{"minecraft:oak_planks":28,"minecraft:paper":6,"minecraft:iron_axe":1,"minecraft:stick":8,"minecraft:iron_pickaxe":1,"minecraft:iron_sword":1},"minecraft:used":{"minecraft:oak_log":2,"minecraft:iron_pickaxe":37,"minecraft:wooden_pickaxe":11,"minecraft:iron_sword":17,"minecraft:torch":2,"minecraft:dirt":1,"minecraft:cooked_porkchop":2}},"DataVersion":3120}