{"stats":{"minecraft:picked_up":{"minecraft:raw_iron":1,"minecraft:cooked_porkchop":4,"minecraft:torch":4,"minecraft:wooden_pickaxe":1,"minecraft:tuff":1,"create:raw_zinc":7,"minecraft:oak_log":9,"minecraft:gunpowder":1,"minecraft:redstone":84,"minecraft:dirt":9,"forbidden_arcanus:arcane_crystal":3,"minecraft:cobbled_deepslate":4,"iter_rpg:abyssquartz_shard":1,"minecraft:iron_ingot":8,"minecraft:sugar_cane":6,"minecraft:oak_planks":1,"minecraft:cobblestone":8,"minecraft:furnace":2},"minecraft:custom":{"minecraft:time_since_rest":33691,"enigmaticlegacy:play_time_with_seven_curses":0,"minecraft:interact_with_furnace":1,"minecraft:sprint_one_cm":26825,"minecraft:damage_taken":180,"minecraft:walk_one_cm":61329,"minecraft:drop":2,"minecraft:damage_dealt":114,"enigmaticlegacy:play_time_without_seven_curses":33691,"minecraft:interact_with_crafting_table":4,"minecraft:fly_one_cm":12470,"minecraft:crouch_one_cm":801,"minecraft:play_time":33691,"minecraft:sneak_time":229,"minecraft:walk_under_water_one_cm":1916,"minecraft:jump":180,"minecraft:walk_on_water_one_cm":475,"minecraft:time_since_death":33691,"minecraft:climb_one_cm":12,"minecraft:total_world_time":33691,"minecraft:fall_one_cm":3677},"minecraft:dropped":{"minecraft:cobbled_deepslate":3,"minecraft:tuff":1},"minecraft:mined":{"minecraft:deepslate_redstone_ore":19,"create:deepslate_zinc_ore":7,"minecraft:tuff":1,"minecraft:furnace":2,"iter_rpg:abyss_quartz":1,"minecraft:torch":1,"minecraft:oak_log":6,"minecraft:deepslate_iron_ore":1,"minecraft:stone":8,"minecraft:sugar_cane":3,"minecraft:deepslate":2},"minecraft:crafted":{"minecraft:oak_planks":28,"minecraft:paper":6,"minecraft:iron_axe":1,"minecraft:stick":8,"minecraft:iron_pickaxe":1,"minecraft:iron_sword":1},"minecraft:used":{"minecraft:oak_log":2,"minecraft:iron_pickaxe":31,"minecraft:wooden_pickaxe":11,"minecraft:iron_sword":5,"minecraft:torch":2,"minecraft:dirt":1,"minecraft:cooked_porkchop":2}},"DataVersion":3120}