{"stats":{"minecraft:picked_up":{"minecraft:oak_log":1,"minecraft:wooden_pickaxe":1},"minecraft:custom":{"minecraft:jump":34,"minecraft:time_since_rest":9691,"enigmaticlegacy:play_time_with_seven_curses":0,"minecraft:sprint_one_cm":16638,"minecraft:play_time":9691,"minecraft:damage_taken":20,"minecraft:time_since_death":9691,"minecraft:walk_one_cm":8676,"minecraft:climb_one_cm":12,"enigmaticlegacy:play_time_without_seven_curses":9691,"minecraft:total_world_time":9691,"minecraft:fall_one_cm":822,"minecraft:fly_one_cm":6010},"minecraft:mined":{"minecraft:oak_log":1},"minecraft:crafted":{"minecraft:oak_planks":4}},"DataVersion":3120}