{"stats":{"minecraft:custom":{"enigmaticlegacy:play_time_with_seven_curses":0,"minecraft:interact_with_furnace":1,"minecraft:mob_kills":6,"enigmaticlegacy:play_time_without_seven_curses":57494,"minecraft:interact_with_crafting_table":8,"minecraft:time_since_death":7925,"minecraft:climb_one_cm":245,"minecraft:time_since_rest":8001,"minecraft:sprint_one_cm":55704,"minecraft:damage_taken":1167,"minecraft:walk_one_cm":127278,"minecraft:drop":10,"minecraft:damage_dealt":1130,"minecraft:fly_one_cm":22128,"minecraft:crouch_one_cm":801,"minecraft:play_time":57691,"minecraft:deaths":3,"minecraft:sneak_time":237,"minecraft:walk_under_water_one_cm":8172,"minecraft:jump":366,"minecraft:walk_on_water_one_cm":6724,"minecraft:total_world_time":57691,"minecraft:fall_one_cm":7421},"minecraft:picked_up":{"minecraft:birch_log":6,"minecraft:wooden_pickaxe":2,"minecraft:birch_planks":17,"minecraft:tuff":1,"create:raw_zinc":7,"minecraft:oak_log":9,"minecraft:gunpowder":1,"minecraft:dirt":11,"minecraft:wheat_seeds":3,"minecraft:cobbled_deepslate":6,"minecraft:iron_ingot":8,"minecraft:iron_pickaxe":1,"minecraft:sugar_cane":6,"minecraft:oak_planks":1,"minecraft:furnace":2,"minecraft:stick":6,"minecraft:raw_iron":1,"minecraft:cooked_porkchop":4,"minecraft:torch":4,"minecraft:porkchop":7,"minecraft:redstone":107,"minecraft:spider_eye":1,"forbidden_arcanus:arcane_crystal":3,"immersiveengineering:seed":1,"minecraft:stone_axe":1,"iter_rpg:abyssquartz_shard":2,"minecraft:coal":5,"minecraft:cobblestone":35},"minecraft:killed_by":{"irons_spellbooks:necromancer":1,"minecraft:skeleton":1,"minecraft:creeper":1},"minecraft:dropped":{"minecraft:wheat_seeds":3,"minecraft:cobbled_deepslate":6,"minecraft:tuff":1,"minecraft:wooden_pickaxe":1,"immersiveengineering:seed":1},"minecraft:killed":{"minecraft:pig":4,"enemyexpansion:tarantula":1},"minecraft:mined":{"minecraft:deepslate_redstone_ore":24,"create:deepslate_zinc_ore":7,"minecraft:tuff":1,"minecraft:torch":1,"minecraft:grass_block":1,"minecraft:sugar_cane":3,"minecraft:furnace":2,"minecraft:birch_log":6,"iter_rpg:abyss_quartz":2,"minecraft:birch_leaves":1,"minecraft:grass":14,"minecraft:oak_log":6,"minecraft:coal_ore":5,"minecraft:deepslate_iron_ore":1,"minecraft:dirt":1,"minecraft:stone":36,"minecraft:deepslate":2,"minecraft:fern":2},"minecraft:used":{"minecraft:stone_sword":30,"minecraft:stone_pickaxe":19,"minecraft:wooden_pickaxe":28,"minecraft:iron_sword":17,"minecraft:torch":2,"minecraft:dirt":3,"minecraft:oak_log":2,"minecraft:iron_pickaxe":37,"minecraft:cobblestone":4,"minecraft:cooked_porkchop":2},"minecraft:crafted":{"minecraft:oak_planks":28,"minecraft:wooden_pickaxe":1,"minecraft:iron_sword":1,"minecraft:birch_planks":24,"minecraft:stone_axe":1,"minecraft:paper":6,"minecraft:iron_axe":1,"minecraft:stick":16,"minecraft:iron_pickaxe":1,"minecraft:stone_pickaxe":1,"minecraft:stone_sword":1}},"DataVersion":3120}