{"stats":{"minecraft:dropped":{"minecraft:sweet_berries":11,"immersiveengineering:seed":1},"minecraft:custom":{"minecraft:open_chest":5,"minecraft:time_since_rest":3850,"enigmaticlegacy:play_time_with_seven_curses":0,"minecraft:crouch_one_cm":3,"minecraft:play_time":40086,"minecraft:sprint_one_cm":109407,"minecraft:walk_one_cm":49203,"minecraft:damage_taken":1555,"minecraft:deaths":6,"minecraft:sneak_time":21,"minecraft:walk_under_water_one_cm":1438,"minecraft:drop":2,"minecraft:jump":303,"minecraft:damage_dealt":239,"minecraft:time_since_death":582,"minecraft:walk_on_water_one_cm":2090,"enigmaticlegacy:play_time_without_seven_curses":36596,"minecraft:total_world_time":40086,"minecraft:swim_one_cm":5717,"minecraft:fly_one_cm":51925,"minecraft:fall_one_cm":4961},"minecraft:mined":{"minecraft:grass":6,"minecraft:grass_block":4,"minecraft:dirt":4,"minecraft:sweet_berry_bush":4,"biomesoplenty:fir_log":1,"minecraft:fern":4},"minecraft:killed_by":{"pyrologernfriends:rancher":2,"minecraft:drowned":1,"scguns:dissident":1},"minecraft:picked_up":{"minecraft:sweet_berries":33,"immersiveengineering:seed":1,"biomesoplenty:fir_log":1,"minecraft:dirt":8},"minecraft:used":{"minecraft:apple":3,"minecraft:dirt":8,"minecraft:sweet_berries":11,"minecraft:lantern":1}},"DataVersion":3120}